density,residual_sugar,sulphates,alcohol_density_ratio,alcohol,sulfur_ratio,volatile_acidity,ph,chlorides,log_alcohol,total_sulfur_dioxide,fixed_acidity,log_chlorides,ph_sq,acidity_sum,citric_acid
-0.019001538,0.0010329791,-0.20723526,-0.11477395,0.0076410663,-0.025761722,-0.053930614,0.0390704,-0.0555699,0.0,0.041209575,0.025498454,0.0,0.0,0.028584452,-0.04358601
0.027470592,-0.0018550697,0.15750498,0.03863594,0.0041599874,0.032735147,-0.05617374,0.030320525,0.023474824,0.0,0.10285462,-0.022029668,0.0,0.0,0.04210711,-0.0111671705
0.012734934,-0.023019236,0.20570658,0.12114575,0.0031556818,-0.0010888447,0.36766508,-0.0019192917,0.019777289,0.0,-0.10558362,0.036433604,0.0,0.0,-0.012782685,0.030720776
0.015366895,-0.0006919265,0.33668524,0.6498942,-0.0028162862,0.021191072,-0.03172373,0.015690604,-0.018277401,0.0,0.087776735,0.019485928,0.0,0.0,-0.0039038558,-0.050676417
-0.038377695,0.011330885,-0.24048743,-0.21865089,0.0074604414,-0.007874767,-0.20516886,0.055291746,-0.003110556,0.0,-0.01010424,0.01141779,0.0,0.0,-0.039742712,0.027673006
-0.032930516,0.008655175,0.12003903,-0.26310638,0.004531083,-0.0035208063,-0.09229421,-0.04946577,0.018686736,0.0,0.0785513,-0.023202496,0.0,0.0,0.01130164,0.025410958
-0.019146508,0.09134069,0.27440906,0.102961056,-0.036852863,0.009724223,0.18134162,0.0046926253,-0.019328708,0.0,0.07903291,0.023799257,0.0,0.0,-0.01406139,-0.05743373
-0.0091163805,0.05252864,-0.20788182,-0.11819513,-0.07419106,0.038671046,-0.65024847,0.018929536,-0.08984331,0.0,0.07464684,-0.026113488,0.0,0.0,0.06713416,0.029779166
0.07840166,0.007791289,0.20938756,0.35294303,-0.0050842813,-0.11821152,0.2809848,0.007826038,-0.0018634448,0.0,0.024977125,0.016208325,0.0,0.0,0.016078653,-0.028414644
-0.058736913,0.03502096,-0.48987105,0.49917588,-0.009326609,-0.08411826,0.046399385,0.05020724,0.023688382,0.0,-0.0035318336,0.0379476,0.0,0.0,0.0018174945,-0.014975147
-0.05928393,-0.018093377,-0.18373837,0.015058619,0.003471531,-0.032736417,0.082634516,0.054981593,-0.09099893,0.0,-0.01725707,-0.0065571624,0.0,0.0,-0.015137802,-0.06235082
-0.0005959064,-0.0055765,-0.34026587,-0.1238742,0.0074331453,-0.021006461,-0.2054961,-0.062316354,0.11300406,0.0,0.05996436,-0.069103636,0.0,0.0,0.015680144,0.047912456
0.004533508,0.087090634,0.053693425,-0.44687217,0.001640837,-0.03628526,-0.10034353,0.025890948,-0.12651289,0.0,-0.10288157,0.02133886,0.0,0.0,0.01892117,-0.048545063
-0.029521532,-0.14087823,-0.23307982,-0.30791613,0.0060863043,-0.012729197,-0.18189855,0.056301557,-0.031084783,0.0,0.043921907,0.022070114,0.0,0.0,-0.032083977,0.10039527
0.05090797,0.013353723,0.22769624,0.2576665,-0.02566669,-0.045586176,0.26821175,0.025934914,-0.022850046,0.0,-0.11582864,0.046901625,0.0,0.0,0.006761271,-0.048939504
0.013771308,0.050923858,0.20184465,-0.36218366,-0.00051469397,0.0039345645,-0.1621815,0.03974027,0.18458574,0.0,0.09353321,0.071690924,0.0,0.0,-0.01932596,-0.0109119965
-0.013764436,0.025282785,-0.015525704,-0.21718177,0.008036753,-0.083866976,-0.021407966,-0.07112958,-0.100289956,0.0,-0.09161096,0.00043875942,0.0,0.0,0.026914034,0.011940027
-0.031046122,0.07323667,0.073236406,-0.23979859,0.0047035487,0.019580174,-0.037943557,-0.28754798,-0.22952147,0.0,0.09104037,-0.0022219443,0.0,0.0,-0.062188298,0.023075366
0.028240949,-0.0013380577,0.03391315,0.5785086,-0.006638103,0.022853697,0.030368896,-0.07492428,0.15774478,0.0,-0.04143922,-0.013185282,0.0,0.0,-0.054973114,-0.03259514
-0.08607354,0.03239786,0.3267377,0.14881308,-0.030710733,-0.030116191,0.33162838,-0.006865145,-0.019741226,0.0,0.07731016,-0.068895146,0.0,0.0,0.01583772,-0.029740324
0.034667894,0.037904825,0.35573193,-0.13056383,0.001759784,0.15224151,0.570225,-0.08891101,0.13944618,0.0,0.08658821,0.04378908,0.0,0.0,-0.031026412,0.06997105
-0.035580523,0.0070104,-0.23286344,0.14027685,-0.030776598,-0.042115647,-0.08741196,0.043251656,-0.020061929,0.0,-0.02956263,0.04508432,0.0,0.0,0.022057444,0.028656358
0.013003111,-0.07256252,0.2709631,-0.038042005,0.002981539,0.04899618,-0.06050874,0.05163612,0.038709305,0.0,0.04830219,-0.002694001,0.0,0.0,0.007901529,-0.055247538
0.021911332,-0.029304728,0.37224814,0.31195468,-0.009440093,-0.025673036,-0.082693174,-0.043111615,0.025603512,0.0,-0.018447474,0.0071432283,0.0,0.0,0.00932598,0.016746053
-0.0055803037,0.05133017,0.104532525,-0.26554778,0.0041083144,-0.021991046,-0.25235596,0.032779258,-0.06449121,0.0,-0.08140768,0.025899027,0.0,0.0,0.036437184,-0.046721466
-0.21559663,-0.18616554,-0.20614529,-0.25066486,0.0013579105,-0.037455022,-0.25476912,-0.002357208,-0.011128487,0.0,-0.03706445,0.04450196,0.0,0.0,-0.022062613,-0.0038786659
-0.03142428,-0.16020413,-0.26715237,-0.0062765894,-0.064443044,-0.040015798,-0.53848565,0.03339553,-0.020231316,0.0,0.049180634,-0.02875291,0.0,0.0,0.06818087,0.03472552
-0.018088996,0.10703803,-0.1465686,0.06224746,0.0025496567,-0.023025036,0.32977137,-0.08370743,-0.11131772,0.0,0.017008964,-0.0025260625,0.0,0.0,0.009228953,-0.057809107
0.0031878524,0.014993889,-0.02389724,0.10379646,0.0042698802,-0.019478664,0.0020440507,-0.05838785,0.059002608,0.0,0.022278711,0.02512104,0.0,0.0,0.01855674,-0.063041046
-0.018725492,-0.0374608,-0.21528137,-0.20940328,0.01421543,-0.081622496,-0.07323983,-0.023311486,0.009319918,0.0,-0.024489028,-0.00112385,0.0,0.0,0.020926815,0.0136217475
0.020514548,0.04185259,-0.14689152,0.37982047,-0.0077380664,-0.011884834,-0.0810357,-0.06532234,0.0126617765,0.0,0.058450695,0.008381285,0.0,0.0,-0.07577947,0.019087622
-0.024038548,-0.008498915,-0.30105495,-0.033081356,0.0076246145,0.011076539,-0.0076620933,0.09392204,0.13064852,0.0,0.06898707,0.02872853,0.0,0.0,0.025718728,-0.022679286
-0.03472302,-0.022754097,-0.013020121,-0.29418194,0.0052131205,-0.0645787,0.028968908,0.022188567,0.03157328,0.0,-0.23813407,-0.0025091176,0.0,0.0,0.023589067,-0.004093365
0.019953422,-0.009485468,0.19106594,0.15791936,-0.031665552,-0.037358705,0.27366266,0.025504032,-0.009145418,0.0,0.12039033,-0.0012689518,0.0,0.0,0.013088553,0.04979456
-0.027284412,-0.014386989,-0.09263028,-0.20832036,0.004230238,0.024257341,0.13150716,-0.054790657,-0.039294228,0.0,0.04701065,-0.05383805,0.0,0.0,-0.10246024,-0.056201577
0.0045482037,-0.14881928,0.20220898,-0.32224777,0.003267544,-0.022763368,-0.07285091,-0.02265124,0.020495288,0.0,0.09723913,-0.011213083,0.0,0.0,0.044879783,-0.009975968
-0.041706417,0.017591776,0.22799526,-0.41479096,0.0026038252,-0.0024905654,0.28111556,0.029446123,0.21201046,0.0,-0.0622272,0.02745581,0.0,0.0,-0.025283745,0.020659577
-0.008978766,-0.28410283,-0.25638843,-0.104247615,-0.06774281,-0.039372347,-0.18121575,-0.11699292,-0.04277163,0.0,-0.25996488,-0.061226122,0.0,0.0,0.0179478,-0.061308153
-0.018124197,0.014390886,-0.36400843,0.19241102,-0.013103362,-0.05719841,-0.1884168,-0.06380811,-0.078132,0.0,0.07726401,0.034815144,0.0,0.0,0.023794735,-0.0104489
0.09025761,0.030733306,-0.16458984,-0.023740286,0.009755759,0.024485825,0.19795352,0.024453538,0.074545726,0.0,-0.034905713,-0.0021424238,0.0,0.0,0.06900081,-0.043177694
-0.02170107,0.0009088792,-0.24797302,-0.046563115,0.01171756,0.020024521,-0.018657466,-0.0011217053,0.009275603,0.0,-0.01618606,-0.032666497,0.0,0.0,-0.042237323,0.021782007
-0.15785454,-0.27833712,0.11879184,-0.16694303,0.0053870366,0.014675965,-0.07679622,-0.19269799,-0.2608638,0.0,-0.011578751,-0.051136713,0.0,0.0,0.013855589,-0.0876733
-0.060523912,-0.03682107,-0.047493983,-0.41933608,0.0010021797,-0.04730071,0.17174289,0.020446092,0.023986667,0.0,0.027807193,-0.021612486,0.0,0.0,-0.044740245,-0.0132385865
-0.04075504,-0.001299033,0.15007944,0.58225423,-0.0061874283,-0.025992088,-0.040630482,0.039756328,-0.06700705,0.0,-0.09120583,0.016525725,0.0,0.0,-0.014038468,-0.061682656
-0.041607648,0.036846492,0.00040796646,-0.14848909,0.0043016723,-0.05949031,-0.076068655,0.07813084,-0.04025177,0.0,-0.0946715,0.042589486,0.0,0.0,-0.030197639,-0.031885643
-0.009862831,0.0060933675,0.3918028,0.68411654,-0.0031349503,-0.033439923,0.33550748,0.04643333,0.025315497,0.0,0.11757086,0.038274866,0.0,0.0,-0.0039061338,-0.047058042
0.025552297,-0.086451694,-0.18942587,-0.2987248,0.0021118098,0.07149225,-0.19975434,0.032077417,-0.0016948886,0.0,0.10703772,-0.034890052,0.0,0.0,0.023264918,-0.019601518
-0.03853176,-0.23337996,-0.0009842354,-0.47644326,0.0010805011,0.08355714,-0.06647662,-0.0019510126,-0.0025902474,0.0,0.03620167,-0.034747697,0.0,0.0,0.047711942,0.022709358
-0.039233692,-0.16331798,-0.20850286,-0.3489084,0.004616375,-0.039067924,-0.022465033,-0.030953327,0.022948192,0.0,0.0639555,-0.032939006,0.0,0.0,0.05595627,-0.06780031
-0.0026759647,0.02407,0.106988244,-0.051815517,0.007360666,0.028699022,-0.09561059,0.046292536,-0.12642242,0.0,-0.04077961,-0.0011918637,0.0,0.0,0.01109178,-0.052497316
-0.057738993,-0.02551248,0.1650567,0.2132514,-0.0106160855,-0.02378414,-0.08868757,0.015330371,-0.031564146,0.0,0.036390305,0.013335597,0.0,0.0,-0.016352506,-0.054201707
0.007397037,0.040862434,0.24137627,-0.38796356,0.0042063245,-0.0058619617,-0.0051062405,-0.04636576,0.082797825,0.0,-0.055399574,0.025182052,0.0,0.0,-0.0024630416,-0.010597602
0.06216446,-0.007026317,0.35667068,0.33282888,0.0057300185,-0.021074245,-0.057124097,-0.03240327,0.021603508,0.0,0.13937445,0.03294424,0.0,0.0,-0.07004895,0.029589526
0.013351419,-0.09970888,-0.27359644,-0.2240345,0.0037547871,-0.0013407096,0.31394088,-0.044808242,0.01620616,0.0,-0.070160165,-0.024566097,0.0,0.0,-0.019821225,0.054857336
0.0018168379,0.03883748,-0.31573382,0.22807463,-0.008314081,-0.051757038,-0.037029285,-0.13873032,0.006537022,0.0,0.023825211,-0.0012109862,0.0,0.0,-0.080363706,0.0030659519
-0.038814787,-0.16472967,-0.24321197,-0.35264274,0.0046164882,-0.016604476,-0.020093683,-0.0307135,0.014438284,0.0,0.03162249,-0.029431455,0.0,0.0,0.05221978,-0.050843507
0.011586175,-0.0038040988,0.124873206,-0.324754,0.00163179,-0.051826637,-0.109225,0.0060617635,-0.08050057,0.0,-0.0493305,0.011087037,0.0,0.0,0.043035418,-0.020368855
0.058394648,-0.09231787,-0.2967045,-0.006875107,0.0071745114,-0.028960936,-0.3027292,-0.11165191,0.019742094,0.0,0.026461363,-0.0141242035,0.0,0.0,-0.07527067,0.082657896
-0.018667186,0.015470505,0.0017041168,-0.26694843,0.003474381,-0.08299472,-0.033726882,-0.00024822552,0.056199636,0.0,-0.24784948,0.003907283,0.0,0.0,-0.0070289182,-0.02756698
0.0026600547,0.022419067,-0.014714565,-0.29806584,0.0024825907,-0.0072459374,-0.07128926,-0.026231263,-0.020278055,0.0,0.040377155,-0.026893476,0.0,0.0,0.07437137,0.056020685
0.047011867,0.0050670924,0.19850267,-0.33467695,0.0028566285,0.03561043,-0.07522024,-0.03453908,0.019400476,0.0,-0.074492805,-0.023455719,0.0,0.0,-0.018744295,0.009834254
-0.111672185,-0.1431476,0.094943084,-0.10797536,0.0022064436,-0.031470437,0.39626136,0.013392636,0.033651356,0.0,0.06980568,0.028576795,0.0,0.0,-0.031053295,-0.04998348
0.014668679,0.024221096,-0.038894437,-0.28430325,8.2290855e-05,-0.026208457,0.18465167,-0.059680518,0.045718733,0.0,-0.019920591,0.030567087,0.0,0.0,0.0230837,0.034699827
-0.029154474,-0.019710077,0.08769955,-0.3336829,0.004741496,-0.0494341,-0.04233471,-0.08229284,0.05362389,0.0,0.037841238,-0.004052653,0.0,0.0,0.0026881166,-0.052313473
-0.05224425,0.01801588,-0.0016888914,-0.13527305,0.0045803585,0.011723654,-0.12478733,0.0136635145,0.019445702,0.0,-0.0472409,0.017023807,0.0,0.0,-0.018556738,-0.007341692
-0.017415522,0.010127367,0.23228866,0.096718274,-0.032379057,-0.031460192,-0.039132338,0.03917425,-0.012977625,0.0,0.05605325,0.14966407,0.0,0.0,-0.020530313,0.020157946
2.9395378e-06,0.013839843,0.07265107,-0.15434858,0.0041070646,0.005463325,-0.015320714,0.022938138,-0.13808793,0.0,-0.1278523,-0.0027418006,0.0,0.0,-0.0428752,-0.061581418
0.003894721,-0.010687435,0.18847589,-0.07793497,0.002624637,-0.06566945,-0.12105555,-0.0064279744,0.09209188,0.0,0.04417661,-0.031802386,0.0,0.0,-0.10389701,0.035087023
-0.056582287,-0.02414101,0.31189904,0.62806684,-0.0057106386,-0.14631465,-0.027921934,-0.008777844,-0.07374848,0.0,0.115372635,0.04437459,0.0,0.0,-0.024825322,0.0076602814
-0.019678148,-0.013868286,0.27365148,0.040333446,-0.026755404,-0.10470582,-0.013953022,-0.05272691,0.09230973,0.0,-0.073783845,-0.0027933524,0.0,0.0,0.010838761,-0.014664222
-0.028050112,-0.041313853,0.17540304,0.22257198,-0.019037006,-0.0048655584,-0.03017643,0.10104488,0.122174926,0.0,0.06686937,0.018088022,0.0,0.0,-0.010477418,-0.074018545
-0.010453834,-0.008885205,0.3022073,0.2265389,-0.034191992,-0.028058587,-0.12166711,-0.042846963,-0.02227028,0.0,0.07018186,-0.0081466725,0.0,0.0,-0.008791303,-0.012713764
0.07420133,-0.030090624,0.33193138,0.6542986,-0.0049763885,0.019407455,0.13013081,0.04995753,-0.038981527,0.0,0.07408068,0.021303855,0.0,0.0,-0.0101786,-0.04642789
0.013690014,0.01474787,-0.4242892,0.51538926,-0.009823572,-0.053497035,-0.1007328,-0.087372676,0.024787331,0.0,0.0035469274,0.007911074,0.0,0.0,-0.051465403,0.007482102
0.018903881,-0.00068863813,-0.2688686,-0.16923048,0.009219906,0.03513879,-0.022633098,-0.018597765,0.025303047,0.0,0.06300823,0.05465753,0.0,0.0,0.043819595,0.07422081
0.0113038905,0.005467855,-0.16449785,-0.23670107,0.006278589,-0.006969735,-0.20383878,-0.016820744,-0.0047253743,0.0,0.022416884,-0.05211884,0.0,0.0,0.029062582,-0.007204791
-0.054851834,0.037609924,-0.13676667,-0.20680702,0.006296617,0.04170183,-0.078641064,0.056639634,0.042687763,0.0,0.03311615,-0.03532684,0.0,0.0,0.02178096,-0.001307161
0.011635305,0.017392483,0.2319105,0.48867434,-0.003234306,0.02808396,0.06062707,0.019357633,-0.041449524,0.0,-0.11643914,0.01329758,0.0,0.0,0.0039096656,-0.012448905
0.08122016,-0.122699685,-0.31365252,-0.13465646,0.0050912225,-5.4050097e-06,-0.31230223,0.060568858,-0.010185759,0.0,0.06642346,-0.029383725,0.0,0.0,-0.0076323166,0.035407
-0.04179536,0.031138588,-0.19608535,-0.20388055,0.0076372013,-0.08541228,-0.05653358,-0.04248437,0.03313886,0.0,0.004011239,-0.03282361,0.0,0.0,0.0803096,-0.0025348554
-0.023715435,0.029131018,-0.13899037,-0.18544962,0.0059201918,-0.008870962,-0.03402733,-0.0013287826,0.0086729545,0.0,-0.055610597,-0.052637834,0.0,0.0,0.007037369,0.036006197
-0.01367033,0.019234283,0.31022674,0.025092762,0.0020905759,-0.03545902,0.5956621,0.053663425,0.0075131045,0.0,0.06419086,-0.0007661284,0.0,0.0,-0.00087641214,-0.010516348
0.0016160643,0.057203658,-0.027304927,-0.024054859,0.0064184284,-0.22079179,-0.12043912,-0.06759709,0.06576954,0.0,0.004183873,-0.006578699,0.0,0.0,0.07005688,0.0056296247
-0.023525283,-0.094407484,0.31398582,-0.092821985,0.0026093072,0.010520022,0.5269024,-0.044299126,-0.0023245886,0.0,0.10343359,-0.006413065,0.0,0.0,-0.020096019,-0.080723025
-0.07486666,0.009778579,-0.2232034,-0.1810486,0.009134196,-0.041686255,-0.11615841,-0.08130266,0.012084705,0.0,0.06684881,0.046851113,0.0,0.0,0.03751459,0.041640203
0.03144192,-0.040640198,0.26211506,0.32887235,-0.0038714225,-0.00075485185,-0.016038477,0.027551858,-0.035072375,0.0,-0.022225883,0.03450136,0.0,0.0,0.01846736,-0.047648974
0.04050106,0.011749926,-0.07357477,-0.2505571,0.010416011,-0.042881984,-0.01187206,0.023315165,0.061271798,0.0,-0.20320521,0.043908525,0.0,0.0,0.035999265,0.0046443017
0.018192071,-0.027360892,0.12385938,-0.14301561,0.0038814058,-0.03505486,0.00069408683,0.012759597,-0.018517796,0.0,-0.05670717,-0.024372911,0.0,0.0,0.005144152,-0.0029477284
0.038693585,0.04586484,0.16423063,0.44537362,-0.005815086,0.18886428,0.2966469,0.0074666305,0.056076482,0.0,0.0641757,-0.00023550988,0.0,0.0,-0.029408578,-0.044978764
0.0077082445,-0.11669171,0.024634238,-0.32287014,0.0026054014,-0.027680138,-0.05182603,0.019066766,-0.06311369,0.0,-0.10630428,0.007031294,0.0,0.0,0.024585573,-0.02179847
0.00024749793,-0.026599271,-0.5146682,0.4997916,-0.012195773,-0.008937461,-0.07187513,-0.12603079,0.087014794,0.0,0.023522016,0.008138551,0.0,0.0,0.028271006,-0.017474577
0.0028897936,-0.011505393,0.14210966,0.51879716,-0.004099514,0.0145618385,0.25990272,0.06006403,0.02821793,0.0,0.08769474,0.027827369,0.0,0.0,0.02278189,-0.016145524
-0.021337181,-0.02061636,0.078927845,-0.2622117,0.004403804,-0.10449163,-0.085566744,0.017127596,0.03932261,0.0,-0.21834818,-0.04970716,0.0,0.0,-0.037125204,0.026184453
0.039562315,0.017702054,-0.4546359,-0.13881865,0.0037723035,-0.07332435,0.27615613,-0.028259195,0.013267363,0.0,0.055994514,-0.031051163,0.0,0.0,-0.11334128,-0.04165022
-0.10001553,-0.20267837,0.29739466,0.1645693,-0.026031196,-0.03672105,-0.15250719,0.0010613749,-0.1271929,0.0,-0.019547613,-0.12820627,0.0,0.0,-0.024591811,-0.05627814
0.027909502,-0.009042695,-0.40802968,-0.0100535145,-0.0578732,-0.017181776,-0.020176308,-0.08550092,0.016460761,0.0,0.08729761,-0.024610352,0.0,0.0,0.050356302,-0.012421227
-0.05947647,-0.011212204,-0.16899306,-0.23031676,0.007219654,0.0034501092,-0.025551394,0.006870324,0.021705328,0.0,-0.03724071,0.025808329,0.0,0.0,-0.0066856206,0.016593475
-0.022843113,-0.02284326,-0.04653176,-0.042315207,0.00423977,-0.003824843,-0.043302514,-0.038633507,0.0016486273,0.0,0.0030006128,-0.06773537,0.0,0.0,-0.08833247,0.016465636
-0.021589018,0.033322908,0.14146647,-0.16261953,0.00328323,-0.011701284,-0.1476759,0.036231406,-0.12385073,0.0,0.06836154,-0.050135832,0.0,0.0,-0.00048760546,-0.06176214
0.020349566,-0.026254626,-0.37945604,0.10741882,0.011845702,-0.04313122,-0.032367382,-0.11291699,0.00039979847,0.0,0.047016636,-0.026763422,0.0,0.0,-0.01542288,0.0011226546
-0.011762161,0.12797663,-0.019464783,0.26758626,-0.017255122,-0.07182589,0.027701158,0.106044926,-0.12100685,0.0,0.08536553,-0.00017971487,0.0,0.0,0.009984534,0.26711452
0.004678405,-0.085978396,-0.057039652,-0.3028236,0.0042009163,-0.047118768,0.35536578,0.024995126,0.061812453,0.0,0.073002525,-0.00077874504,0.0,0.0,-0.00647337,-0.051039644
-0.005302943,0.048041366,0.08041347,-0.2794518,0.0028394393,-0.013006529,-0.17514777,0.010483284,-0.0060018986,0.0,0.06636431,-0.020240683,0.0,0.0,-0.02619063,0.026732108
0.001804221,-0.0043335245,0.11959276,-0.14101322,0.004937413,-0.04771579,-0.026525885,0.0047831484,-0.12183672,0.0,-0.0961565,-0.012859647,0.0,0.0,-0.024153257,-0.07890916
0.013968111,-0.022351576,-0.113190025,0.63284415,-0.0028307445,0.013026498,0.38797253,0.099031486,0.1934661,0.0,0.09852452,0.0042700246,0.0,0.0,0.016911287,-0.0008821484
-0.013259259,0.03720247,0.30639237,0.21682137,-0.028339947,0.10575328,-0.032493465,-0.025867583,0.010294828,0.0,0.044927947,0.02182795,0.0,0.0,-0.11863807,0.03245791
-0.022784848,-0.17039742,-0.1968116,-0.28473142,0.004930329,-0.05819905,-0.086246826,-0.07119123,0.0073543945,0.0,-0.03161508,-0.017394736,0.0,0.0,-0.031873938,0.053483386
-0.022059115,-0.0041024415,-0.14342484,0.07747677,0.003976324,-0.01702713,0.18072465,-0.09352536,0.0922001,0.0,0.015186977,0.08022293,0.0,0.0,0.024052832,-0.06989331
-0.0017245081,0.026702473,-0.5090626,-0.2504434,0.006381117,-0.04831696,-0.34933716,-0.022019774,0.04990415,0.0,-0.03237627,0.0610428,0.0,0.0,0.033418033,-0.06382756
0.03560753,0.0013469646,-0.20191401,-0.25122958,0.01027323,-0.07295296,0.0045940527,0.0007471478,0.02403193,0.0,-0.036286518,0.028926123,0.0,0.0,-0.015227764,0.023547763
-0.034113485,-0.010032814,0.3334023,0.2947428,-0.005201636,-0.117081344,0.36297885,-0.05801328,-0.05786098,0.0,0.07855673,0.03034484,0.0,0.0,-0.0072964993,-0.056302994
-0.033795007,-0.011682134,0.10196199,-0.071043074,0.00039277168,0.008914945,-0.20431432,-0.0521102,-0.0017710937,0.0,0.06270922,-0.05489505,0.0,0.0,-0.13515775,0.01201252
-0.053404614,0.026670251,-0.07989042,-0.10853526,0.007953528,0.00024084699,0.1675307,0.07010207,0.08862218,0.0,-0.09049901,0.034309343,0.0,0.0,0.016903661,-0.037317727
-0.014993352,-0.039789036,-0.2997122,0.03369587,0.007568059,-0.014234758,-0.06484494,-0.11112765,-0.080380455,0.0,-0.1484445,0.05660912,0.0,0.0,0.032347027,0.0037682408
-0.00012472237,-0.019998616,0.067713305,-0.20537248,0.0097911805,-0.02362769,0.02928572,-0.02409709,0.039509125,0.0,-0.051694192,-0.008572133,0.0,0.0,0.021223946,-0.00063109107
0.03513559,0.06329236,0.19241977,-0.41952822,-0.0012238016,-0.036046464,-0.12136795,0.006647388,0.031831596,0.0,0.043264452,0.0012056917,0.0,0.0,-0.006968576,-0.014269642
0.01578124,0.096549764,0.37158343,0.8265271,-0.003705906,0.010071646,-0.03699797,-0.01504834,0.020432118,0.0,0.057544943,-0.0073905163,0.0,0.0,-0.079858035,-0.035812706
-0.06359603,-0.022804553,-0.3240968,-0.20002127,0.007949644,8.528536e-06,-0.16358468,-0.06611417,0.026047999,0.0,0.011322364,0.02232549,0.0,0.0,0.02979321,0.023931233
0.042014528,-0.107471906,-0.28710362,-0.1746208,0.005628716,0.0032281354,-0.12163202,0.023102894,0.1235408,0.0,0.07233724,-0.02371057,0.0,0.0,0.07004506,0.029959148
-0.006301201,-0.006832606,-0.29170036,0.47519934,-0.009772558,0.2473664,-0.078673564,-0.09461409,0.067467034,0.0,-0.008724262,0.05005417,0.0,0.0,0.044775102,0.03407416
0.0034988497,0.11098854,-0.122594245,-0.02964959,0.005309148,-0.022354657,0.07289445,-0.004655429,-0.019636655,0.0,0.104044475,0.043288402,0.0,0.0,0.03319869,0.06114635
0.008479702,0.014388444,0.19403553,-0.25348574,0.0026941404,-0.04403325,0.20715491,0.007560502,0.027575856,0.0,-0.069163434,-0.019375466,0.0,0.0,0.015067419,-0.035379257
-0.009730639,0.0061553447,-0.013155117,-0.23527591,0.0010800567,-0.045702104,-0.07297872,-0.03025026,0.028926777,0.0,0.13671108,0.045782737,0.0,0.0,0.060581945,0.038384177
-0.018353583,0.0344488,-0.03531842,-0.04093541,0.0010867981,-0.011537136,-0.15971121,0.034573793,0.03558501,0.0,0.080075614,0.031765733,0.0,0.0,-0.0035385091,-0.036126982
-0.038682476,-0.037609432,-0.107037835,0.14360031,0.0044653965,-0.042925816,0.12263961,0.029557653,-0.0437747,0.0,0.054206956,-0.02407916,0.0,0.0,0.0037625697,-0.011166779
-0.014380781,0.020915989,0.035459023,-0.3538985,0.0022107293,-0.010612644,-0.05768899,0.014286429,0.010234361,0.0,0.13036446,0.045425985,0.0,0.0,0.046140682,0.039522056
-0.025762463,-0.013815798,-0.27192214,0.008940813,0.00428224,-0.007755439,0.020086184,-0.0049721715,0.021624567,0.0,-0.021458222,0.031226879,0.0,0.0,0.043441113,-0.025172226
0.0018715014,-0.027242763,0.18446197,0.5723762,-0.0077439323,-0.08511979,0.24873467,0.0029654696,-0.11759038,0.0,0.15205687,0.066426225,0.0,0.0,0.009662999,-0.030012773
-0.023685245,0.07528322,-0.08479024,-0.16605894,0.0062912353,0.084938936,-0.3024174,0.0039217332,-0.056888983,0.0,0.017909115,0.07459372,0.0,0.0,-0.038383603,-0.015509067
-0.01922696,-0.00015631133,0.02133508,-0.11559876,0.0046690567,-0.008190817,-0.025388781,-0.0006625544,0.04862803,0.0,0.09332232,0.027524656,0.0,0.0,0.053197436,0.0261579
0.0027824473,0.005868263,-0.43455547,0.36292502,-0.016097913,-0.03969786,0.070840985,-0.12180732,-0.07046174,0.0,-0.016980508,-0.02369572,0.0,0.0,0.029807802,-0.018137064
-0.026432818,0.02256118,0.054646537,-0.38323748,0.0017777724,-0.006882161,-0.065936,0.008648981,-0.12971072,0.0,-0.0859271,0.024391249,0.0,0.0,0.01929333,-0.014446191
0.0064034257,-0.026645841,0.20915455,0.12346958,0.00442702,-0.049194165,0.36753657,0.030479295,0.010467247,0.0,0.02670885,0.013933868,0.0,0.0,-0.0028393785,0.03617312
-0.03427536,-0.010178559,0.042249784,-0.331827,0.0055027977,-0.014964205,0.16906045,-0.04350932,0.030001642,0.0,-0.022479141,0.01350208,0.0,0.0,-0.01813352,-0.057775043
0.007072901,0.026960999,-0.11041806,-0.14343554,0.007950264,-0.11880502,-0.020373866,-0.05957018,0.00063729146,0.0,-0.21619874,0.038730588,0.0,0.0,-0.00039023132,0.012220013
-0.009317324,0.02804684,-0.20588729,-0.32886735,0.0077342084,0.009926298,-0.015112732,0.05337641,0.13693108,0.0,-0.053976998,0.024306845,0.0,0.0,-0.016978733,0.025083356
-0.023511872,-0.14953272,-0.2752093,-0.20898268,0.0052552465,-0.11701057,-0.067991786,-0.0013566138,-0.03340031,0.0,-0.04540642,0.036260784,0.0,0.0,0.02855225,0.053311873
-0.025860079,0.011266391,0.051141497,0.04835304,-0.028873244,-0.051103313,0.16061679,-0.018124273,0.05430227,0.0,-0.34061936,0.0012315875,0.0,0.0,-0.023085866,0.010380273
-0.011846075,0.1059217,-0.2507158,0.056302626,0.0055868733,-0.024427019,0.023249475,-0.002903399,0.06386919,0.0,0.09606324,-0.026867129,0.0,0.0,0.0023001765,0.029048432
-0.04425399,-0.013967379,-0.069791846,-0.3408457,0.0034465757,-0.0462267,0.30840045,0.037706986,0.036002822,0.0,0.046011195,0.00544537,0.0,0.0,-0.0462527,-0.009327853
0.072084665,-0.011771032,0.013058076,0.5121494,-0.0028240792,0.16664642,-0.0153178945,0.12031626,0.010459958,0.0,0.015954461,-0.016890757,0.0,0.0,0.015535099,-0.04043035
-0.04738861,-0.1991081,0.0883165,-0.387552,-0.004687475,-0.030717274,0.018565636,-0.016958354,0.005754867,0.0,0.03811499,-0.018196745,0.0,0.0,-0.011372008,0.06154945
0.058917973,0.008216172,0.19738257,0.20191805,-0.013657332,-0.05038474,0.18682295,-0.005428168,0.019935671,0.0,0.06775482,0.032918856,0.0,0.0,-0.017168265,-0.054146387
0.27177578,0.068889886,-0.29303655,0.46385008,-0.005301769,-0.05616499,0.06837554,0.09671871,0.0010457278,0.0,-0.08773089,0.015843526,0.0,0.0,-0.011540662,-0.010736651
-0.013412733,0.008346008,0.05864049,-0.2333204,0.0033898514,-0.0149501525,0.043922804,-0.055705443,0.013766771,0.0,0.094015226,0.021510964,0.0,0.0,0.017351236,-0.019761793
0.00052725774,0.034364928,0.185649,0.21391563,-0.0068722586,-0.055123802,0.1595314,-0.07067346,-0.08386142,0.0,-0.17417036,-0.010104705,0.0,0.0,0.058310952,-0.0190634
-0.024510065,0.015626622,0.0626134,0.26566455,-0.02614769,-0.025460005,-0.056350023,0.03302028,-0.02321017,0.0,-0.05439235,0.034866042,0.0,0.0,0.025920669,0.030338945
0.031859044,0.09280219,0.090759255,-0.3155709,0.0017591295,0.21255118,-0.088741034,0.0025187125,-0.016503902,0.0,-0.07052054,0.010960891,0.0,0.0,0.003589188,-0.048808247
0.019892251,0.00945859,0.054804076,-0.14338656,0.0008375273,-0.024554644,-0.1803053,-0.011978382,-0.027213624,0.0,0.060913432,0.0018663908,0.0,0.0,-0.09209208,-0.0009824624
-0.058311813,0.027039137,-0.25568533,-0.27995434,0.01064255,-0.008932644,-0.05399422,0.03875539,0.0073504546,0.0,-0.0031784507,0.015559995,0.0,0.0,-0.007939813,0.023024384
-0.009231202,0.02120097,0.10847535,-0.23579042,0.0047777887,-0.0061643245,0.19067848,0.10394392,0.061321415,0.0,-0.0785593,-0.012090228,0.0,0.0,-0.0023906354,0.038071956
-0.023054816,0.009221089,0.1919007,-0.052238133,0.003480326,0.015146261,-0.10145303,0.012363329,-0.12632455,0.0,0.05591839,-0.013348249,0.0,0.0,0.029687835,0.13251115
-0.013821874,-0.030433977,0.25100055,0.13397445,-0.028081374,-0.0119120125,-0.09792756,0.021068295,0.02008941,0.0,0.03532346,-0.027718809,0.0,0.0,0.017505186,-0.048492115
-3.6108657e-05,-0.038280074,0.024983747,0.45167902,-0.005065204,0.029586341,-0.01758705,0.03677406,-0.019966953,0.0,0.020780137,-0.01356165,0.0,0.0,-0.003838022,-0.053391125
0.32741424,0.0012075184,0.34426624,0.78595626,-0.0081150625,-0.01199288,0.040105812,0.0032247,0.010482892,0.0,-0.085434556,-0.008491249,0.0,0.0,-0.018044077,0.032404862
-0.022174176,0.003909384,0.2295042,0.09734291,-0.022937698,-0.029046448,-0.17579323,-0.04808825,0.044943903,0.0,0.078625806,0.042427562,0.0,0.0,0.036140513,-0.017722853
-0.039526984,0.021870533,0.21167132,-0.083606504,0.0049500074,-0.0055710543,-0.024391236,0.07319606,0.22239974,0.0,0.01068033,0.07044214,0.0,0.0,0.008722873,-0.0894287
-0.021719141,0.012717911,-0.31727046,0.18749912,-0.005198952,-0.028225906,-0.050902903,-0.12346138,-0.04987051,0.0,0.039464958,-0.031667992,0.0,0.0,0.023204487,0.0075479816
-0.00974613,0.016439965,0.30668727,0.3517197,-0.00540015,0.07842656,-0.017257713,0.024379397,0.027380232,0.0,-0.014749464,0.04366772,0.0,0.0,-0.010391792,-0.053715978
0.016951973,-0.0028047466,0.28408965,0.68485695,-0.0023797331,0.009639739,0.28095067,0.027941288,-0.042237002,0.0,0.12817629,0.017985133,0.0,0.0,0.035620563,-0.056383967
0.015387981,0.08494127,0.27221084,0.1589325,0.0044878027,0.17075029,0.44672877,0.0276581,0.1125731,0.0,0.030560983,0.01466677,0.0,0.0,0.00040678255,-0.02329314
0.0016554691,0.008163398,0.00033569985,-0.31065592,0.0025367222,-0.021428432,-0.038675424,0.013073432,-0.032114446,0.0,-0.049495425,0.0142456265,0.0,0.0,0.030675115,0.021244332
0.018614782,0.08737241,-0.30331072,0.19293337,0.0067501166,0.040778052,0.40494686,0.047368474,0.020126805,0.0,0.037762698,0.049640253,0.0,0.0,0.0036863356,0.06800571
-0.015291495,-0.018741807,-0.2865167,-0.34371868,0.007699678,-0.014000712,-0.07750542,0.040792324,0.0005792801,0.0,-0.022460995,-0.014709043,0.0,0.0,0.02533217,0.00890981
0.036979318,0.011631661,0.20255668,0.104322106,-0.03390275,0.2008763,-0.14832878,-0.031216646,0.11391576,0.0,0.06253604,-0.040887047,0.0,0.0,0.039659224,-0.010688647
-0.01770587,0.012363864,0.22119038,0.079232074,-0.024417853,0.040560536,-0.05752706,0.035774525,0.025196537,0.0,-0.032128893,-0.030341022,0.0,0.0,0.03247226,-0.023974815
-0.043446194,0.0026192039,0.29294547,0.10623062,0.0062359935,-0.006858561,0.24823503,0.060801424,0.0517681,0.0,0.08824929,0.000479138,0.0,0.0,0.04533103,0.026962923
-0.00797332,0.03534603,-0.22066136,-0.2642969,0.008463352,-0.020020535,-0.15073499,0.05325552,0.025650142,0.0,0.016932137,0.046730246,0.0,0.0,0.021389864,-0.00066273205
0.0007753055,-0.043176044,0.14040096,-0.029542184,0.0072518033,-0.10741545,-0.108329155,0.07462357,-0.111139625,0.0,-0.11717565,-0.00301843,0.0,0.0,-0.028166318,-0.04867142
0.030645587,-0.006920213,-0.2982722,0.45394212,-0.014842499,0.27045488,-0.07139825,-0.092002586,0.061366953,0.0,0.027179323,-0.04627927,0.0,0.0,0.077109165,0.031076597
-0.020136762,-0.004516037,0.09297694,-0.23381537,0.009213776,-0.007893788,-0.0035499895,-0.0020445732,0.008055235,0.0,-0.007929099,-0.031010358,0.0,0.0,-0.07835811,-0.0009441181
-0.011806799,0.027306762,-0.009692671,-0.038077693,0.0054937643,0.0014714437,-0.025603829,-0.028535178,0.01024548,0.0,0.077790484,-0.011813303,0.0,0.0,0.033841323,0.024984678
-0.028249912,-0.015620764,-0.110994704,-0.09211283,0.006737935,0.040274914,-0.02265517,-0.0070778904,0.08064275,0.0,-0.011547866,-0.03940762,0.0,0.0,0.026214339,-0.028033307
-0.012727154,0.120518856,-0.057982057,0.074939765,0.0024868366,0.010513809,0.38841513,0.02601835,0.056574184,0.0,-0.0055033155,0.020398526,0.0,0.0,0.014916053,-0.028062444
0.021192629,-0.064506404,-0.5206151,0.7097766,-0.01230421,-0.015215064,-0.17429535,-0.05865127,-0.004660393,0.0,-0.0073281876,0.022490475,0.0,0.0,-0.071890794,-0.022453815
-0.059657596,0.008010816,-0.38482833,-0.005693029,0.00583002,-0.028237216,0.14783436,0.03534343,0.043537464,0.0,-0.0028501095,0.017660987,0.0,0.0,-0.01527028,-0.050294954
0.023162166,0.045038935,0.2076178,-0.37587363,0.003912431,-0.02617896,0.17774405,0.002174503,-0.12358438,0.0,0.103492156,0.024782624,0.0,0.0,0.043833263,-0.045325357
-0.02160034,-0.009858382,-0.15591344,-0.24871759,0.017004259,-0.0071613584,0.0242744,0.0006518153,0.0028798403,0.0,0.049685985,-0.04743275,0.0,0.0,-0.0703802,0.03708811
-0.01754783,0.013303637,0.1796251,-0.12669061,0.005150546,-0.036161147,0.1804576,0.041803177,-0.094239146,0.0,-0.008680188,-0.026431492,0.0,0.0,-0.05323625,-0.0056581157
0.017145878,-0.078317076,-0.29524305,0.36720034,-0.00511369,-0.039462082,-0.035467982,-0.14821544,-0.03112712,0.0,-0.048117213,-0.03677441,0.0,0.0,0.06886145,-0.011225428
-0.057096455,-0.010104459,-0.29081482,-0.31164378,0.010012004,-0.043327797,0.23937203,0.040111817,-0.011537717,0.0,0.031990696,0.01869401,0.0,0.0,-0.056485485,-0.049746342
0.06286887,0.011127879,0.29395738,0.7802055,-0.0042535607,-0.01783396,-0.049313217,0.004719557,-0.005216346,0.0,0.15215966,0.05344632,0.0,0.0,0.0131960595,-0.05264077
-0.037036758,-0.2867831,-0.019078275,-0.46408752,-0.0015950566,-0.015881153,-0.1141042,0.0011217969,-0.05813423,0.0,-0.0474986,-0.032341924,0.0,0.0,0.05492262,0.013025287
-0.0067363866,-0.0124902595,-0.00730391,0.16063961,0.009083421,-0.011186065,-0.013116917,-0.011344984,0.018309446,0.0,0.09133135,-0.015737692,0.0,0.0,0.015960008,0.007841072
-0.05937988,-0.020233808,-0.3824634,0.45838267,-0.006215977,0.082571246,0.33506665,0.1404591,-0.035271272,0.0,0.07953928,0.038856495,0.0,0.0,-0.04022864,0.0021335387
0.017642444,-0.037323866,-0.18382038,-0.07970287,0.005653477,-0.030538997,-0.081668,0.0331653,-0.01372018,0.0,-0.1650401,-0.045121934,0.0,0.0,0.027139109,-0.0009232273
0.06460524,-0.1702286,-0.32662597,-0.13269235,0.0033493142,0.1277199,-0.10739741,-0.06563357,0.063369706,0.0,0.020167155,-0.0290399,0.0,0.0,0.017315023,0.022335498
-0.021663586,0.01962317,-0.35548684,-0.096579686,0.005839536,-0.013144436,-0.016092185,0.072902575,-0.037312567,0.0,0.10073099,0.016435284,0.0,0.0,0.017826911,0.03648501
-0.0038526072,0.0023830794,-0.009722701,-0.3159127,0.009851283,0.037796192,0.011722787,0.028180933,0.010098547,0.0,-0.3030637,-0.00028433904,0.0,0.0,0.0022287888,0.036703188
-0.015137211,0.02515755,0.11234512,-0.13468935,0.0031885009,0.0076796105,-0.07862877,0.075908564,-0.118008554,0.0,-0.03170779,-0.06413652,0.0,0.0,-0.014499152,-0.05017051
-0.04214253,-0.010231731,0.22111993,0.079603136,0.0050815293,-0.009048546,-0.015421631,-0.0064617214,0.07115538,0.0,0.013390792,0.018825382,0.0,0.0,0.027608737,0.0010567782
0.00016601979,-0.11630816,-0.039849564,-0.21594611,0.006363122,-0.013825908,-0.11173181,-0.065835595,-0.022706833,0.0,0.014114615,0.05697173,0.0,0.0,0.034660697,0.018122148
-0.03507767,0.018697727,-0.15159145,-0.084773384,0.0034499215,-0.09482528,0.10558168,0.034530815,0.0703944,0.0,0.032966997,0.010742854,0.0,0.0,0.022427771,-0.04131055
-0.021610335,0.09610435,0.096142344,-0.10801163,0.004243419,0.023725398,0.059545267,-0.038425624,0.10777356,0.0,0.049864028,-0.0019186891,0.0,0.0,-0.050963536,0.03641464
0.02122769,0.029064538,0.0094397925,0.10645836,-0.032393258,0.113631845,-0.015266576,-0.040253114,-0.008648816,0.0,0.07108487,-0.026701758,0.0,0.0,0.090021215,0.040790986
-0.036002204,0.011255844,-0.06334408,-0.33975855,0.006661978,-0.015353339,-0.05097613,0.024570886,-0.0008793006,0.0,-0.21583061,0.008807606,0.0,0.0,-0.0064887675,-0.04576451
0.055884466,0.0054986062,0.344201,0.7625872,-0.004822903,-0.041859727,-0.031717528,-0.013264559,-0.05672201,0.0,0.14410906,0.03450378,0.0,0.0,-0.01168018,-0.09280053
-0.03216669,-0.016131168,0.13058658,-0.300496,0.0056341756,-0.021987772,0.14654562,-0.008945441,-0.07142522,0.0,-0.27172515,0.002111653,0.0,0.0,-0.04253398,-0.01834206
0.013609807,-0.0017142119,-0.13824736,0.52365786,-0.003340579,-0.011917263,0.28155765,0.06839941,0.11893759,0.0,0.009874932,-0.049194958,0.0,0.0,-0.015184333,0.082623854
-0.018152697,0.048884116,-0.30784222,-0.119858645,0.0048153354,-0.04668667,0.024666566,-0.00220573,0.015811764,0.0,0.024561942,0.031123588,0.0,0.0,0.021252744,0.015546631
0.02679426,-0.012392987,-0.2748547,0.20767277,-0.0011575277,-0.045289714,-0.06378589,-0.12729913,-0.030528218,0.0,-0.02290649,-0.03532179,0.0,0.0,0.033921275,0.0011947004
0.010863214,0.0035278848,-0.26087627,-0.19161282,0.0048843254,-0.019500941,-0.18685535,-0.08824753,0.030595405,0.0,-0.15780662,-0.024114607,0.0,0.0,0.034760673,-0.00060384994
-0.015398165,-0.0072763534,0.13848504,-0.026080059,0.0035050656,-0.015474571,-0.05642662,-0.07848347,0.17670508,0.0,0.06282161,0.04048624,0.0,0.0,0.001681423,-0.038933896
-0.029570224,0.014098151,0.02619785,-0.3023606,0.0076851267,0.0685286,-0.010626147,0.056117613,0.15313138,0.0,-0.15282835,0.026359424,0.0,0.0,-0.014140536,0.024518583
-0.04131348,0.0065068007,0.27351314,-0.14731121,0.004119206,0.2664912,0.43728018,-0.02904725,0.13397458,0.0,-0.101220995,0.016218718,0.0,0.0,-0.023186568,0.0140780555
0.035966907,0.027925856,-0.3625911,0.47733355,-0.009424648,-0.08454801,-0.09726478,0.059711747,0.033823177,0.0,0.013810414,-0.025642442,0.0,0.0,0.0065220976,0.017899008
0.023550449,-0.09935969,0.28895172,0.33420438,0.0036919198,0.10969314,-0.18779396,-0.06315099,-0.008564455,0.0,0.13385081,-0.023302844,0.0,0.0,-0.010139255,-0.041516483
-0.08410331,0.023477567,-0.012994954,-0.33969325,0.003806909,-0.0121551,-0.021523474,0.0065112705,0.051892947,0.0,-0.04140833,0.013662568,0.0,0.0,-0.03331462,0.034531873
-0.026674757,-0.21892896,0.032908797,0.47297361,-0.0069525805,0.006484707,-0.008275475,-0.07779312,0.018358573,0.0,0.013897252,-0.0012905124,0.0,0.0,-0.11308608,-0.03714545
-0.032372348,0.0010330868,-0.01130241,-0.24246666,0.0049167243,-0.038393833,-0.07388649,-0.08970282,0.017144414,0.0,-0.006155071,-0.033866417,0.0,0.0,0.06633277,-0.034862287
-0.009187019,0.07215624,-0.20145787,-0.24747793,0.004794401,-0.019846499,-0.032144643,-0.034668747,0.062477477,0.0,0.1251143,0.037525263,0.0,0.0,0.035168666,0.024588218
-0.019263657,-0.0048990385,0.19156201,-0.23379618,0.0001437123,0.108946174,-0.2330245,-0.26223448,0.025701951,0.0,-0.024736334,-0.026219413,0.0,0.0,0.03287076,-0.06527717
-0.019447869,0.023491478,-0.25071114,-0.26809803,0.011655794,-0.009008874,-0.013266362,-0.0057386667,0.0274435,0.0,0.067125745,-0.01693892,0.0,0.0,-0.06237109,0.05550858
-0.034405123,0.0058255736,0.31206253,0.35154796,-0.0058686617,0.05821539,0.06879666,-0.07235039,0.024487603,0.0,0.0044875005,0.0049896576,0.0,0.0,-0.01113152,-0.05302986
0.0061554094,0.0056673256,0.094341904,-0.36804983,-0.00055960036,-0.050953977,-0.08453887,0.020289175,-0.004606519,0.0,-0.25059205,0.020232216,0.0,0.0,0.012971443,-0.040715683
0.16114469,-0.023443488,0.28142726,0.35334507,0.0029712273,0.033803705,0.31420293,0.13737339,0.01851709,0.0,0.14003195,0.05798116,0.0,0.0,0.05536823,0.099938825
-0.03572675,-0.023225265,0.2924767,0.07254565,-0.036617734,-0.05194893,0.3095123,-0.053015355,-0.0076027866,0.0,-0.0767421,-0.00052854826,0.0,0.0,0.006033264,-0.04892458
0.003832191,0.12111597,-0.263579,0.25854412,-0.007954212,0.14789918,-0.042514656,-0.09976555,0.036851823,0.0,0.06407675,-0.010780054,0.0,0.0,-0.09018402,0.014052878
-0.041470878,0.01204372,0.24793015,-0.10328483,0.0045179287,-0.002080103,0.010504195,0.05916832,0.21247217,0.0,0.07277271,0.025168296,0.0,0.0,-0.024433719,-0.029790929
-0.054711692,0.035701104,0.1751493,-0.7290059,-0.0021793453,0.021572744,0.0576806,0.0074384036,-0.0827189,0.0,-0.16299401,0.012420944,0.0,0.0,-0.003552975,-0.035571214
0.005479454,-0.078161664,0.28335467,0.4767082,-0.0024801092,0.086465634,0.28568372,0.007831297,0.07075565,0.0,0.023608165,0.008108318,0.0,0.0,-0.012872933,-0.09412843
0.025202785,0.035835207,-0.35724875,0.38146585,-0.007917143,-0.02002663,-0.098555714,-0.114980884,-0.017274678,0.0,0.050974343,-0.02228089,0.0,0.0,0.0126769,0.017804807
0.03896123,0.017902575,0.24701956,-0.26564467,0.007882331,0.11932107,0.18784298,-0.000233024,-0.13432387,0.0,0.05315895,0.03202783,0.0,0.0,0.02897148,-0.0033737153
-0.013868905,-0.045416825,-0.15573962,-0.26474732,0.0022531045,-0.06105138,0.37299362,-0.017234236,0.086809754,0.0,-0.0811317,-0.012329794,0.0,0.0,-0.06934221,-0.016756436
0.05580645,0.019316744,0.0041135186,0.28707108,0.0027340304,0.0027202654,-0.063459516,-0.090142325,-0.13504119,0.0,0.07986028,-0.009048035,0.0,0.0,0.058333866,-0.00069475104
0.033639364,0.07047912,0.38259062,0.11984526,-0.015423804,-0.0100196125,0.47797278,0.03227068,0.033426184,0.0,0.050000057,-0.0037085514,0.0,0.0,0.0039181113,-0.026330374
-0.0029803992,-0.024230381,-0.322716,-0.007539066,0.006073659,0.2005752,0.28103778,0.044164483,-0.026219856,0.0,0.091917284,0.029180149,0.0,0.0,-0.014887069,0.0609028
-0.003997572,-0.0020944607,0.06524669,-0.28805408,0.007979753,-0.0040865107,-0.09743435,-0.056689322,-0.028948883,0.0,-0.04708917,0.0063985875,0.0,0.0,0.010599499,-0.040762182
-0.03465634,-0.04829077,-0.26454774,-0.11667271,0.007889481,0.007896637,-0.33324963,0.05486103,-0.0075399852,0.0,-0.024589296,-0.034096994,0.0,0.0,-0.020624205,0.0012947905
0.0028112314,0.030264255,-0.17922513,-0.22140804,0.0056816647,-0.025454847,-0.0021572767,0.008585229,0.054157004,0.0,-0.020230483,0.008727562,0.0,0.0,-0.02129594,-0.04541977
-0.07228693,-0.03099335,-0.5706893,0.44652873,-0.009584822,-0.0053953724,-0.11190837,0.07501488,-0.035244856,0.0,-0.010974317,0.039523408,0.0,0.0,-0.014550919,-0.058174584
0.009261806,-0.008247055,0.07015064,0.060911413,-0.028913122,-0.03576314,0.3260102,0.03505638,-0.0034400036,0.0,-0.10988197,0.01952377,0.0,0.0,-0.050392598,-0.11129651
0.024300262,-0.024614993,0.17946258,-0.18087374,0.010392395,-0.015723621,-0.0263078,-0.0092006875,-0.13052654,0.0,0.10289219,-0.031348556,0.0,0.0,-0.09026391,0.0037016761
-0.07063666,-0.15362304,0.026276147,-0.69845814,-0.546376,-0.054108456,0.40600178,0.007834497,-0.1307806,0.0,-0.15132496,0.00089941005,0.0,0.0,-0.0062739677,-0.011401513
2.2556807e-05,0.14319713,-0.015638933,0.11357243,-0.044256713,0.27081147,-0.25997362,-0.09191587,0.12909606,0.0,0.023206772,0.10390489,0.0,0.0,-0.049567103,-0.009129386
-0.012657925,-0.012962653,-0.028007109,-0.04131862,0.005570548,0.004129657,0.005302347,0.031593453,0.046017732,0.0,0.076377295,-0.020405563,0.0,0.0,0.026882704,0.008115359
0.08222811,0.10890548,-0.24726433,0.46155462,-0.0030116157,-0.04104719,0.41480568,0.103735685,-0.0072907996,0.0,0.08134667,0.02375001,0.0,0.0,-0.015390939,-0.039692085
-0.01100118,0.050682344,0.08828913,-0.36426792,0.00025935608,0.009623138,-0.05109773,0.022125285,-0.08669069,0.0,-0.2584169,-0.024584042,0.0,0.0,0.021127986,0.025654892
0.057927243,0.030798512,-0.025784502,-0.26777753,-0.0032932328,-0.015019708,-0.03232433,-0.03514598,-0.031619385,0.0,0.069786906,-0.022265205,0.0,0.0,0.03054952,0.031650927
0.0028621831,0.008570836,0.23419438,-0.20016123,0.003577395,0.03625798,-0.08815591,-0.04867482,0.034440286,0.0,0.10803306,-0.016614331,0.0,0.0,0.08989505,-0.018239416
-0.007308797,0.08183434,0.072476886,-0.48466545,0.0014702302,-0.010947696,-0.10773102,0.019539205,-0.103637494,0.0,0.07242685,0.03680276,0.0,0.0,8.847921e-05,-0.037357595
-0.048368298,0.010102856,0.32778725,0.10451164,0.0038259886,-0.0038462689,0.37788597,-0.05928012,0.09408232,0.0,0.036007162,-0.023630047,0.0,0.0,0.022771798,-0.02943395
-0.012061981,0.05228332,0.09775886,-0.32399336,0.00046088343,-0.015064737,0.00042609646,0.043195926,-0.014015673,0.0,0.15360513,0.050948203,0.0,0.0,0.025946116,0.03430637
-0.045009423,0.027429648,0.107483044,-0.3190057,0.002375872,0.011226922,-0.038369693,-0.051233266,0.12509325,0.0,-0.04025501,-0.0021746275,0.0,0.0,0.030018056,0.000954155
-0.06291225,0.031394348,0.27611607,0.6617505,-0.003947441,-0.007849489,-0.040667254,0.054124746,-0.14051232,0.0,0.010857874,0.022463663,0.0,0.0,-0.02225301,-0.010221403
-0.037903547,0.0114937825,-0.024830323,-0.28221342,0.009170833,-0.07451653,-0.0126446,0.0263295,0.010074867,0.0,-0.23797563,0.011774109,0.0,0.0,-0.022775533,0.011783074
0.0075321686,-0.0027091703,0.11322303,-0.27340007,0.009274764,-0.003226093,-0.04292986,-0.022734791,0.048552457,0.0,0.093548514,-0.0072354977,0.0,0.0,0.015721878,-0.012893957
0.022430832,-0.019359486,0.3316324,0.21080437,-0.025651148,0.1376527,-0.029846381,-0.045526545,-0.0006433081,0.0,0.09474893,0.00750225,0.0,0.0,-0.06422404,0.0059358752
0.025116444,-0.10263631,-0.011783459,0.22581215,-0.023639893,-0.03308488,0.3093667,-0.09009652,0.04092064,0.0,-0.12914832,-0.01569962,0.0,0.0,-0.00085525995,-0.09649056
-0.026101643,0.011566256,0.16534522,0.045412805,0.005469768,-0.007589684,-0.021510947,-0.031928536,0.021195289,0.0,-0.026494646,-0.023862066,0.0,0.0,-0.040743116,-0.04199174
-0.007740923,0.0767254,0.07422963,-0.3622988,-0.0002849953,-0.010303929,-0.16162139,-0.034478683,0.047402654,0.0,-0.044066634,-0.03646711,0.0,0.0,-0.07325646,0.031204306
0.01616313,0.0060448535,-0.17242417,-0.06293058,0.0072696866,-0.026320217,0.061242044,0.03642843,0.053775184,0.0,0.12845534,0.027104741,0.0,0.0,0.033718005,0.004025699
0.05190729,0.007119255,-0.26287758,0.11214381,-0.014204267,0.08829379,-0.7885263,-0.11923471,0.028829943,0.0,0.030806066,0.062476218,0.0,0.0,0.02167058,0.0059609786
0.10083,0.075394146,-0.257705,-0.06296844,0.0055230935,-0.037483826,0.36737108,0.017899675,0.008091811,0.0,0.071633235,0.006761692,0.0,0.0,0.041076705,-0.04934218
5.5898774e-05,0.021782659,-0.039044127,0.59983975,-0.0044258414,-0.06057705,-0.038693834,0.04789836,-0.02042781,0.0,0.07100417,0.042865463,0.0,0.0,0.03261519,0.081610374
-0.012185684,0.020843128,0.048736062,-0.25237247,0.0061822943,-0.011426715,-0.08014568,-0.044853456,0.024075598,0.0,-0.061920617,-0.010452332,0.0,0.0,0.0040865005,-0.050923545
0.0100385295,-0.021287374,-0.13958381,-0.065153025,0.006993171,0.06917492,-0.16556998,0.060203332,0.03128513,0.0,0.083546236,0.025277786,0.0,0.0,-0.031688772,0.050443213
-0.011417761,-0.08530457,-0.19640641,-0.011593758,0.0028170047,0.103605956,-0.012582988,0.085672595,0.0034403175,0.0,-0.0003991841,0.0020535376,0.0,0.0,0.011836849,-0.009959437
-0.048463747,0.044533562,-0.1602139,-0.29537967,0.010243666,-0.009704773,-0.15228088,-0.009217694,0.027062334,0.0,0.031214496,-0.028192185,0.0,0.0,0.041975122,0.056521192
-0.058108963,0.027314119,-0.44308966,0.484132,-0.018023364,-0.012378699,0.2985938,-0.058604393,0.01867728,0.0,0.026130265,0.035441928,0.0,0.0,-0.052892767,0.0045956313
-0.010940878,0.051365726,0.23604852,0.34092423,-0.027829394,-0.050142266,-0.053905997,0.0686918,0.039277,0.0,0.03229474,0.009802355,0.0,0.0,0.024712924,0.19170305
-0.023105325,-0.03149041,-0.09894021,-0.24243487,0.014284433,-0.08350561,-0.018616432,-0.012480659,-0.0023522926,0.0,-0.037098993,0.0393942,0.0,0.0,0.02973618,-0.0038643468
-0.01556283,0.005965641,0.29188195,-0.06941078,0.003867885,-0.026038684,0.16931686,-0.03409429,0.013582391,0.0,0.0728735,0.00615779,0.0,0.0,-0.06283865,-0.05824909
-1.9992396e-05,0.030990075,-0.15131721,-0.10039695,0.006535904,0.033930816,-0.23371927,0.02251666,0.14086474,0.0,0.0036912165,-0.01723219,0.0,0.0,-0.016000347,0.030149499
-0.00454929,0.089755185,0.1514471,-0.18175687,0.004348409,-0.013893548,-0.14474508,-0.008131023,-0.08695983,0.0,-0.054328326,0.021793555,0.0,0.0,-0.009379729,0.034655657
-0.033296067,0.04492577,0.04890873,-0.3428926,0.002615068,-0.015788745,-0.05571219,0.09073612,0.020994533,0.0,-0.26021084,0.008526195,0.0,0.0,3.4376557e-05,-0.031231556
0.02090563,0.011291698,0.2703793,0.7178328,-0.0035215372,-0.027408807,-0.029855719,-0.017856458,-0.050947193,0.0,0.034122445,0.027729731,0.0,0.0,0.0005066449,-0.008213976
0.028030975,0.033578016,0.22371404,0.66322654,-0.0027158298,0.048990976,-0.009431301,0.032387853,-0.03214469,0.0,0.031605553,0.040126417,0.0,0.0,-0.010060786,-0.01896359
-0.038423352,0.021111513,0.117482044,-0.28463012,0.004137571,-0.04027759,-0.056341074,-0.041810255,-0.08479204,0.0,-0.024916489,0.035902698,0.0,0.0,0.01035151,-0.028379891
-0.02067638,-0.027788058,0.39324936,0.10368028,-0.031033278,0.008016972,0.45366028,0.024219973,0.054749407,0.0,0.06415295,0.0042906585,0.0,0.0,-0.0028461737,-0.034325745
-0.017481308,0.024215437,-0.0151112545,-0.30197367,0.004862087,-0.00838627,-0.030343236,0.025430871,0.03514872,0.0,0.07668891,0.012674209,0.0,0.0,0.020235438,-0.006464734
-0.0430289,0.046265792,0.21518135,-0.27223584,0.004426286,0.006231444,-0.10824749,-0.12478729,-0.23295605,0.0,-0.09172155,0.05811169,0.0,0.0,0.028287992,0.010899631
