feature,F,p_anova,H,p_kw
age,1.5708016604694528,0.11898018432784245,14.005356853964937,0.12213480192056739
daily_social_media_hours,1.3623002393515202,0.20044799857026532,12.082554243541846,0.20869521125402202
sleep_hours,0.452048961326644,0.9065130254792257,4.123294778601891,0.9031116241541992
screen_time_before_sleep,0.6509744999463359,0.7536896116994282,5.805108524193084,0.7592543123365332
academic_performance,0.7664785731608744,0.6476763729746887,6.755036076447953,0.662606461737392
physical_activity,1.237632574255024,0.26761047420435335,11.114919235125106,0.2679140176081634
anxiety_level,0.5204972733567955,0.8605316059796381,4.63656178856248,0.8647703450612843
addiction_level,1.0316397759384979,0.4122070678317279,9.406010218375167,0.4006705884924293
depression_label,6.246707166986019,1.168965237500686e-08,54.09012640058681,1.814796369161825e-08
