Model,RMSE,MAE,R2
Bayesian Ridge,7.024039465625506,5.888062851447269,-0.008593689721745568
XGB Regressor,7.037501081009918,5.45992113494873,-0.012463346459014923
RF Regressor,7.115635590260018,5.875155500000003,-0.035070086995244054
LGB Regressor,7.292257700750184,5.961446073814947,-0.08709219109383604
CatBoost Reg,7.323142706990917,6.0039260651661355,-0.09632004631039504
ElasticNet,7.380570072102836,6.131256103013585,-0.11358193300475605
Lasso,7.41196746741697,6.13358991145217,-0.12307657648279258
Ridge,7.417917999563565,6.1468424081086175,-0.12488057411512932
GB Regressor,7.811125547492592,6.316002343120818,-0.2472961936802931
